# Clark County, NV
Las Vegas,NV
Henderson,NV
North Las Vegas,NV
Boulder City,NV
Mesquite,NV
Enterprise,NV
Sunrise Manor,NV
Spring Valley,NV
Summerlin South,NV
Paradise,NV
Whitney,NV
Winchester,NV
Blue Diamond,NV
Bunkerville,NV
Indian Springs,NV
Laughlin,NV
Moapa,NV
Moapa Valley,NV
Mount Charleston,NV
Overton,NV
Searchlight,NV
Jean,NV
Sloan,NV
# Washoe County, NV
Reno,NV
Sparks,NV
Incline Village,NV
Sun Valley,NV
Spanish Springs,NV
Cold Springs,NV
Lemmon Valley,NV
Golden Valley,NV
Washoe Valley,NV
Verdi,NV
Gerlach,NV
Nixon,NV
Wadsworth,NV
Mogul,NV
# Los Angeles County, CA
Los Angeles,CA
Long Beach,CA
Glendale,CA
Santa Clarita,CA
Lancaster,CA
Palmdale,CA
Pomona,CA
Torrance,CA
Pasadena,CA
El Monte,CA
Downey,CA
Inglewood,CA
West Covina,CA
Norwalk,CA
Burbank,CA
South Gate,CA
Compton,CA
Carson,CA
Santa Monica,CA
Hawthorne,CA
Whittier,CA
Alhambra,CA
Lakewood,CA
Bellflower,CA
Baldwin Park,CA
Lynwood,CA
Redondo Beach,CA
Pico Rivera,CA
Monterey Park,CA
Gardena,CA
Rosemead,CA
Arcadia,CA
Covina,CA
Diamond Bar,CA
San Gabriel,CA
Azusa,CA
Paramount,CA
Culver City,CA
Cerritos,CA
Monrovia,CA
La Mirada,CA
Montebello,CA
Lawndale,CA
Huntington Park,CA
Commerce,CA
Glendora,CA
Duarte,CA
La Puente,CA
Walnut,CA
Temple City,CA
Artesia,CA
Claremont,CA
Malibu,CA
Westlake Village,CA
Agoura Hills,CA
San Dimas,CA
Rancho Palos Verdes,CA
Lomita,CA
Rolling Hills Estates,CA
San Fernando,CA
Calabasas,CA
La Canada Flintridge,CA
San Marino,CA
Hermosa Beach,CA
Manhattan Beach,CA
El Segundo,CA
Maywood,CA
Bell,CA
Bell Gardens,CA
Signal Hill,CA
La Verne,CA
South El Monte,CA
Irwindale,CA
La Habra Heights,CA
Hidden Hills,CA
Rolling Hills,CA
Palos Verdes Estates,CA
Bradbury,CA
Industry,CA
East Los Angeles,CA
Hacienda Heights,CA
Rowland Heights,CA
West Hollywood,CA
Florence-Graham,CA
Stevenson Ranch,CA
Quartz Hill,CA
Acton,CA
Agua Dulce,CA
Lake Los Angeles,CA
Littlerock,CA
Pearblossom,CA
Castaic,CA
Valencia,CA
Newhall,CA
Canyon Country,CA
Sylmar,CA
Van Nuys,CA
North Hollywood,CA
Northridge,CA
Reseda,CA
Woodland Hills,CA
Chatsworth,CA
Canoga Park,CA
Tarzana,CA
Encino,CA
Sherman Oaks,CA
Studio City,CA
Winnetka,CA
Granada Hills,CA
Porter Ranch,CA
Chatsworth,CA
# Orange County, CA
Anaheim,CA
Santa Ana,CA
Irvine,CA
Huntington Beach,CA
Garden Grove,CA
Fullerton,CA
Orange,CA
Costa Mesa,CA
Mission Viejo,CA
Westminster,CA
Newport Beach,CA
Buena Park,CA
Lake Forest,CA
Tustin,CA
Yorba Linda,CA
Laguna Niguel,CA
Laguna Hills,CA
Rancho Santa Margarita,CA
Brea,CA
Placentia,CA
Fountain Valley,CA
Stanton,CA
Cypress,CA
Seal Beach,CA
Aliso Viejo,CA
San Clemente,CA
Dana Point,CA
Laguna Beach,CA
La Habra,CA
San Juan Capistrano,CA
La Palma,CA
Villa Park,CA
Los Alamitos,CA
Laguna Woods,CA
Ladera Ranch,CA
Rossmoor,CA
Midway City,CA
Foothill Ranch,CA
Portola Hills,CA
Las Flores,CA
Coto de Caza,CA
North Tustin,CA
El Modena,CA
Trabuco Canyon,CA
Capistrano Beach,CA
Sunset Beach,CA
Emerald Bay,CA
Rancho Mission Viejo,CA
# Stanislaus County, CA
Modesto,CA
Turlock,CA
Ceres,CA
Riverbank,CA
Oakdale,CA
Waterford,CA
Hughson,CA
Newman,CA
Patterson,CA
Empire,CA
Salida,CA
Keyes,CA
Denair,CA
Westley,CA
Grayson,CA
Hickman,CA
Crows Landing,CA
Bystrom,CA
Shackelford,CA
Diablo Grande,CA
Del Rio,CA
Modesto Junction,CA
Vernalis,CA
